ID	lat	lon	ele	time	magvar	geoidheight	name	cmt	desc	src	sym	type	fix	sat	hdop	vdop	pdop	ageofdgpsdata	dgpsid	Proximity	Temperature	Depth	DisplayMode	Samples	Expiration	CreationTime
1	43.32793797	-116.22065	946.804688	2022-05-11T04:34:46Z			2btjr				"Flag, Blue"	user											SymbolAndName			2022-05-11T04:34:46Z
2	43.27527297	-116.078813	984.434631	2022-08-08T05:16:37Z			Caib				"Flag, Blue"	user											SymbolAndName			2022-08-08T05:16:37Z
3	43.27627804	-116.080211	982.167297	2022-08-08T05:17:22Z			Caib1				"Flag, Blue"	user											SymbolAndName			2022-08-08T05:17:22Z
4	43.28168303	-116.090057	980.011902	2022-08-08T05:19:36Z			Caib2				"Flag, Blue"	user											SymbolAndName			2022-08-08T05:19:36Z
5	43.28086001	-116.121085	1003.394592	2022-08-08T05:23:15Z			Caib3				"Flag, Blue"	user											SymbolAndName			2022-08-08T05:23:15Z
6	43.27838399	-116.142202	1020.049866	2022-08-08T05:25:51Z			Caib4				"Flag, Blue"	user											SymbolAndName			2022-08-08T05:25:51Z
7	43.27847804	-116.19102	993.644043	2022-08-09T04:56:55Z			Caib5				"Flag, Blue"	user											SymbolAndName			2022-08-09T04:56:55Z
8	43.27857401	-116.139858	1005.960571	2022-08-04T07:06:57Z			Caie				"Flag, Blue"	user											SymbolAndName			2022-08-04T07:06:57Z
9	43.271093	-116.054185	961.098572	2022-08-04T07:18:24Z			Caie1				"Flag, Blue"	user											SymbolAndName			2022-08-04T07:18:24Z
10	26.20681303	-97.40289696	7.039062	2022-02-25T17:57:25Z			Cayo				"Flag, Blue"	user											SymbolAndName			2022-02-25T17:57:25Z
11	43.27369499	-116.074289	985.890198	2022-08-08T05:14:37Z			Cjib				"Flag, Blue"	user											SymbolAndName			2022-08-08T05:14:37Z
12	43.27367697	-116.076045	984.901184	2022-08-08T05:16:03Z			Cjib1				"Flag, Blue"	user											SymbolAndName			2022-08-08T05:16:03Z
13	43.27885598	-116.137945	999.513062	2022-08-04T07:07:16Z			Cjie				"Flag, Blue"	user											SymbolAndName			2022-08-04T07:07:16Z
14	43.27531203	-116.078923	980.049194	2022-08-08T05:16:47Z			Cunkib				"Flag, Blue"	user											SymbolAndName			2022-08-08T05:16:47Z
15	43.282857	-116.091748	966.137146	2022-08-04T07:12:19Z			Cunkie				"Flag, Blue"	user											SymbolAndName			2022-08-04T07:12:19Z
16	43.28013799	-116.087539	971.819519	2022-08-04T07:13:08Z			Cunkie1				"Flag, Blue"	user											SymbolAndName			2022-08-04T07:13:08Z
17	43.34491602	-116.129885	937.967773	2022-08-02T04:41:50Z			Ja				"Flag, Blue"	user											SymbolAndName			2022-08-02T04:41:50Z
18	43.31247202	-116.134104	959.521667	2022-08-02T05:00:10Z			Ja1				"Flag, Blue"	user											SymbolAndName			2022-08-02T05:00:10Z
19	43.20599796	-116.274224	936.297607	2022-08-05T07:11:07Z			Ja10				"Flag, Blue"	user											SymbolAndName			2022-08-05T07:11:07Z
20	43.17401396	-116.243955	917.225647	2022-08-09T05:51:08Z			Ja101				"Flag, Blue"	user											SymbolAndName			2022-08-09T05:51:08Z
21	43.31523696	-116.151603	961	2022-08-02T08:43:26Z			Ja11				"Flag, Blue"	user											SymbolAndName			2022-08-02T08:43:26Z
22	43.195707	-116.006717	924.718201	2022-08-09T07:25:12Z			Ja110				"Flag, Blue"	user											SymbolAndName			2022-08-09T07:25:12Z
23	43.20635201	-116.274218	939.199463	2022-08-05T07:11:21Z			Ja111				"Flag, Blue"	user											SymbolAndName			2022-08-05T07:11:21Z
24	43.17394104	-116.243772	918.886536	2022-08-09T05:51:14Z			Ja112				"Flag, Blue"	user											SymbolAndName			2022-08-09T05:51:14Z
25	43.16671802	-115.984585	938.35968	2022-08-12T05:40:39Z			Ja113				"Flag, Blue"	user											SymbolAndName			2022-08-12T05:40:39Z
26	43.18342198	-116.182427	960.240173	2022-08-12T06:13:12Z			Ja114				"Flag, Blue"	user											SymbolAndName			2022-08-12T06:13:12Z
27	43.34598203	-116.145594	948.246094	2022-08-04T05:19:03Z			Ja12				"Flag, Blue"	user											SymbolAndName			2022-08-04T05:19:03Z
28	43.21429403	-116.262222	950.853455	2022-08-05T07:19:28Z			Ja121				"Flag, Blue"	user											SymbolAndName			2022-08-05T07:19:28Z
29	43.17329203	-116.24107	919.530334	2022-08-09T05:52:15Z			Ja122				"Flag, Blue"	user											SymbolAndName			2022-08-09T05:52:15Z
30	43.16945496	-115.975592	944.210022	2022-08-05T05:44:01Z			Ja13				"Flag, Blue"	user											SymbolAndName			2022-08-05T05:44:01Z
31	43.17292297	-116.240069	921.713745	2022-08-09T05:52:44Z			Ja131				"Flag, Blue"	user											SymbolAndName			2022-08-09T05:52:44Z
32	43.16065497	-116.209247	932.108093	2022-08-05T06:37:10Z			Ja14				"Flag, Blue"	user											SymbolAndName			2022-08-05T06:37:10Z
33	43.17235996	-116.238918	923.467896	2022-08-09T05:53:15Z			Ja141				"Flag, Blue"	user											SymbolAndName			2022-08-09T05:53:15Z
34	43.16089301	-116.211121	932.593323	2022-08-05T06:37:45Z			Ja15				"Flag, Blue"	user											SymbolAndName			2022-08-05T06:37:45Z
35	43.17225804	-116.238722	920.136841	2022-08-09T05:53:21Z			Ja151				"Flag, Blue"	user											SymbolAndName			2022-08-09T05:53:21Z
36	43.31286597	-116.26522	952.187744	2022-08-08T05:54:39Z			Ja16				"Flag, Blue"	user											SymbolAndName			2022-08-08T05:54:39Z
37	43.16532402	-116.221556	932.528015	2022-08-09T05:59:15Z			Ja161				"Flag, Blue"	user											SymbolAndName			2022-08-09T05:59:15Z
38	43.310412	-116.134672	980.795654	2022-08-08T06:43:35Z			Ja17				"Flag, Blue"	user											SymbolAndName			2022-08-08T06:43:35Z
39	43.31115003	-116.134505	980.571716	2022-08-08T06:44:02Z			Ja18				"Flag, Blue"	user											SymbolAndName			2022-08-08T06:44:02Z
40	43.17863599	-115.963055	927.060242	2022-08-09T06:58:33Z			Ja19				"Flag, Blue"	user											SymbolAndName			2022-08-09T06:58:33Z
41	43.31142001	-116.134339	961.770386	2022-08-02T05:00:45Z			Ja2				"Flag, Blue"	user											SymbolAndName			2022-08-02T05:00:45Z
42	43.17734602	-115.964977	937.967773	2022-08-12T05:28:02Z			Ja20				"Flag, Blue"	user											SymbolAndName			2022-08-12T05:28:02Z
43	43.31523696	-116.151603	961	2022-08-02T08:43:44Z			Ja21				"Flag, Blue"	user											SymbolAndName			2022-08-02T08:43:44Z
44	43.34598203	-116.145594	948.246094	2022-08-04T05:19:22Z			Ja22				"Flag, Blue"	user											SymbolAndName			2022-08-04T05:19:22Z
45	43.16248599	-116.214938	934.571411	2022-08-05T06:39:19Z			Ja23				"Flag, Blue"	user											SymbolAndName			2022-08-05T06:39:19Z
46	43.31504401	-116.133532	979.050842	2022-08-08T06:46:10Z			Ja24				"Flag, Blue"	user											SymbolAndName			2022-08-08T06:46:10Z
47	43.18383998	-116.182195	967.44342	2022-08-12T06:13:04Z			Ja25				"Flag, Blue"	user											SymbolAndName			2022-08-12T06:13:04Z
48	43.31617196	-116.150318	962.382812	2022-08-02T05:50:46Z			Ja3				"Flag, Blue"	user											SymbolAndName			2022-08-02T05:50:46Z
49	43.31523696	-116.151603	961	2022-08-02T08:55:03Z			Ja31				"Flag, Blue"	user											SymbolAndName			2022-08-02T08:55:03Z
50	43.31065197	-116.134639	967.490112	2022-08-04T05:43:40Z			Ja32				"Flag, Blue"	user											SymbolAndName			2022-08-04T05:43:40Z
51	43.16538999	-116.22166	939.843262	2022-08-05T06:41:48Z			Ja33				"Flag, Blue"	user											SymbolAndName			2022-08-05T06:41:48Z
52	43.206162	-116.274235	933.330444	2022-08-09T05:31:15Z			Ja34				"Flag, Blue"	user											SymbolAndName			2022-08-09T05:31:15Z
53	43.31523696	-116.151603	961	2022-08-02T08:56:10Z			Ja4				"Flag, Blue"	user											SymbolAndName			2022-08-02T08:56:10Z
54	43.30976198	-116.1347	967.415466	2022-08-04T05:44:08Z			Ja41				"Flag, Blue"	user											SymbolAndName			2022-08-04T05:44:08Z
55	43.169692	-116.233789	934.73938	2022-08-05T06:46:26Z			Ja42				"Flag, Blue"	user											SymbolAndName			2022-08-05T06:46:26Z
56	43.20506204	-116.274219	929.206299	2022-08-09T05:31:39Z			Ja43				"Flag, Blue"	user											SymbolAndName			2022-08-09T05:31:39Z
57	43.31617196	-116.150318	962.382812	2022-08-02T06:00:10Z			Ja5				"Flag, Blue"	user											SymbolAndName			2022-08-02T06:00:10Z
58	43.17539899	-116.24881	927.190857	2022-08-05T06:52:19Z			Ja51				"Flag, Blue"	user											SymbolAndName			2022-08-05T06:52:19Z
59	43.20476297	-116.274206	925.809875	2022-08-09T05:31:48Z			Ja52				"Flag, Blue"	user											SymbolAndName			2022-08-09T05:31:48Z
60	43.38602196	-116.208492	895.6875	2022-08-04T05:15:32Z			Ja6				"Flag, Blue"	user											SymbolAndName			2022-08-04T05:15:32Z
61	43.17689398	-116.252987	926.976257	2022-08-05T06:53:58Z			Ja61				"Flag, Blue"	user											SymbolAndName			2022-08-05T06:53:58Z
62	43.18623503	-116.271576	906.187439	2022-08-09T05:39:46Z			Ja62				"Flag, Blue"	user											SymbolAndName			2022-08-09T05:39:46Z
63	43.320435	-116.241529	928.338501	2022-08-04T06:15:36Z			Ja7				"Flag, Blue"	user											SymbolAndName			2022-08-04T06:15:36Z
64	43.17702298	-116.253261	923.794495	2022-08-05T06:54:04Z			Ja71				"Flag, Blue"	user											SymbolAndName			2022-08-05T06:54:04Z
65	43.178766	-116.256771	913.540039	2022-08-09T05:46:13Z			Ja72				"Flag, Blue"	user											SymbolAndName			2022-08-09T05:46:13Z
66	43.18422999	-116.267996	907.876282	2022-08-05T06:59:23Z			Ja8				"Flag, Blue"	user											SymbolAndName			2022-08-05T06:59:23Z
67	43.17604104	-116.251036	918.028076	2022-08-09T05:48:31Z			Ja81				"Flag, Blue"	user											SymbolAndName			2022-08-09T05:48:31Z
68	43.20411304	-116.274181	937.053406	2022-08-05T07:10:09Z			Ja9				"Flag, Blue"	user											SymbolAndName			2022-08-05T07:10:09Z
69	43.17527904	-116.248184	916.264587	2022-08-09T05:49:32Z			Ja91				"Flag, Blue"	user											SymbolAndName			2022-08-09T05:49:32Z
70	43.30672304	-116.141743	963.002014	2022-08-02T05:06:01Z			Jai				"Flag, Blue"	user											SymbolAndName			2022-08-02T05:06:01Z
71	43.31274896	-116.147315	951.926514	2022-08-02T05:07:53Z			Jai1				"Flag, Blue"	user											SymbolAndName			2022-08-02T05:07:53Z
72	43.31617196	-116.150318	962.382812	2022-08-02T05:25:06Z			Jai10				"Flag, Blue"	user											SymbolAndName			2022-08-02T05:25:06Z
73	43.387667	-116.232372	891.289062	2022-08-04T04:55:14Z			Jai11				"Flag, Blue"	user											SymbolAndName			2022-08-04T04:55:14Z
74	43.16909898	-116.195979	933.629028	2022-08-09T06:08:27Z			Jai110				"Flag, Blue"	user											SymbolAndName			2022-08-09T06:08:27Z
75	43.30452497	-116.137063	970.000061	2022-08-04T05:50:34Z			Jai12				"Flag, Blue"	user											SymbolAndName			2022-08-04T05:50:34Z
76	43.33707601	-116.217426	928.82373	2022-08-04T06:00:24Z			Jai13				"Flag, Blue"	user											SymbolAndName			2022-08-04T06:00:24Z
77	43.33707701	-116.217971	926.91095	2022-08-04T06:00:33Z			Jai14				"Flag, Blue"	user											SymbolAndName			2022-08-04T06:00:33Z
78	43.15747102	-116.001864	959.279114	2022-08-05T06:00:01Z			Jai15				"Flag, Blue"	user											SymbolAndName			2022-08-05T06:00:01Z
79	43.17393299	-116.164361	941.326843	2022-08-05T06:19:51Z			Jai16				"Flag, Blue"	user											SymbolAndName			2022-08-05T06:19:51Z
80	43.32440098	-116.239884	941.802734	2022-08-08T06:15:10Z			Jai17				"Flag, Blue"	user											SymbolAndName			2022-08-08T06:15:10Z
81	43.33703401	-116.219245	945.665588	2022-08-08T06:24:48Z			Jai18				"Flag, Blue"	user											SymbolAndName			2022-08-08T06:24:48Z
82	43.16541597	-116.199953	921.433777	2022-08-09T06:07:11Z			Jai19				"Flag, Blue"	user											SymbolAndName			2022-08-09T06:07:11Z
83	43.31587298	-116.150318	962.921875	2022-08-02T05:08:45Z			Jai2				"Flag, Blue"	user											SymbolAndName			2022-08-02T05:08:45Z
84	43.17282096	-116.192867	956.694519	2022-08-12T06:15:50Z			Jai20				"Flag, Blue"	user											SymbolAndName			2022-08-12T06:15:50Z
85	43.31030203	-116.145468	962.134277	2022-08-04T05:51:50Z			Jai21				"Flag, Blue"	user											SymbolAndName			2022-08-04T05:51:50Z
86	43.33711297	-116.219708	929.747437	2022-08-04T06:00:57Z			Jai22				"Flag, Blue"	user											SymbolAndName			2022-08-04T06:00:57Z
87	43.18489904	-116.17989	968.171265	2022-08-05T06:25:22Z			Jai23				"Flag, Blue"	user											SymbolAndName			2022-08-05T06:25:22Z
88	43.320521	-116.155053	953.932617	2022-08-08T06:32:17Z			Jai24				"Flag, Blue"	user											SymbolAndName			2022-08-08T06:32:17Z
89	43.17210004	-116.193744	941.681396	2022-08-09T06:09:45Z			Jai25				"Flag, Blue"	user											SymbolAndName			2022-08-09T06:09:45Z
90	43.31587298	-116.150318	962.921875	2022-08-02T05:09:04Z			Jai3				"Flag, Blue"	user											SymbolAndName			2022-08-02T05:09:04Z
91	43.31113704	-116.146099	956.993042	2022-08-04T05:51:59Z			Jai31				"Flag, Blue"	user											SymbolAndName			2022-08-04T05:51:59Z
92	43.324347	-116.239963	932.667969	2022-08-04T06:05:51Z			Jai32				"Flag, Blue"	user											SymbolAndName			2022-08-04T06:05:51Z
93	43.17904897	-116.183536	958.448669	2022-08-05T06:27:12Z			Jai33				"Flag, Blue"	user											SymbolAndName			2022-08-05T06:27:12Z
94	43.30675296	-116.141791	972.043457	2022-08-08T06:36:01Z			Jai34				"Flag, Blue"	user											SymbolAndName			2022-08-08T06:36:01Z
95	43.17491099	-116.188725	947.960938	2022-08-09T06:10:47Z			Jai35				"Flag, Blue"	user											SymbolAndName			2022-08-09T06:10:47Z
96	43.31587298	-116.150318	962.921875	2022-08-02T05:09:34Z			Jai4				"Flag, Blue"	user											SymbolAndName			2022-08-02T05:09:34Z
97	43.313762	-116.148224	955.080261	2022-08-04T05:52:27Z			Jai41				"Flag, Blue"	user											SymbolAndName			2022-08-04T05:52:27Z
98	43.32394098	-116.240448	928.739746	2022-08-04T06:06:00Z			Jai42				"Flag, Blue"	user											SymbolAndName			2022-08-04T06:06:00Z
99	43.17576201	-116.187162	954.707031	2022-08-05T06:28:14Z			Jai43				"Flag, Blue"	user											SymbolAndName			2022-08-05T06:28:14Z
100	43.30410797	-116.135674	982.148621	2022-08-08T06:37:47Z			Jai44				"Flag, Blue"	user											SymbolAndName			2022-08-08T06:37:47Z
101	43.17679902	-116.185221	947.932983	2022-08-09T06:11:27Z			Jai45				"Flag, Blue"	user											SymbolAndName			2022-08-09T06:11:27Z
102	43.31587298	-116.150318	962.921875	2022-08-02T05:09:52Z			Jai5				"Flag, Blue"	user											SymbolAndName			2022-08-02T05:09:52Z
103	43.314065	-116.148554	952.243774	2022-08-04T05:52:34Z			Jai51				"Flag, Blue"	user											SymbolAndName			2022-08-04T05:52:34Z
104	43.32324998	-116.241401	926.546997	2022-08-04T06:06:20Z			Jai52				"Flag, Blue"	user											SymbolAndName			2022-08-04T06:06:20Z
105	43.17522699	-116.188189	957.459595	2022-08-05T06:28:26Z			Jai53				"Flag, Blue"	user											SymbolAndName			2022-08-05T06:28:26Z
106	43.17930403	-116.183477	950.918762	2022-08-09T06:12:05Z			Jai54				"Flag, Blue"	user											SymbolAndName			2022-08-09T06:12:05Z
107	43.31587298	-116.150318	962.921875	2022-08-02T05:10:31Z			Jai6				"Flag, Blue"	user											SymbolAndName			2022-08-02T05:10:31Z
108	43.31586401	-116.150416	949.593811	2022-08-04T05:53:00Z			Jai61				"Flag, Blue"	user											SymbolAndName			2022-08-04T05:53:00Z
109	43.18143404	-115.999152	949.425903	2022-08-05T05:53:17Z			Jai62				"Flag, Blue"	user											SymbolAndName			2022-08-05T05:53:17Z
110	43.17471201	-116.190974	952.832031	2022-08-05T06:30:02Z			Jai63				"Flag, Blue"	user											SymbolAndName			2022-08-05T06:30:02Z
111	43.16741598	-116.164182	930.708496	2022-08-09T06:17:11Z			Jai64				"Flag, Blue"	user											SymbolAndName			2022-08-09T06:17:11Z
112	43.31617196	-116.150318	962.382812	2022-08-02T05:18:56Z			Jai7				"Flag, Blue"	user											SymbolAndName			2022-08-02T05:18:56Z
113	43.32117504	-116.155894	944.294006	2022-08-04T05:54:08Z			Jai71				"Flag, Blue"	user											SymbolAndName			2022-08-04T05:54:08Z
114	43.15843603	-116.002527	968.973694	2022-08-05T05:59:48Z			Jai72				"Flag, Blue"	user											SymbolAndName			2022-08-05T05:59:48Z
115	43.17471201	-116.190974	952.832031	2022-08-05T06:30:44Z			Jai73				"Flag, Blue"	user											SymbolAndName			2022-08-05T06:30:44Z
116	43.185985	-116.010906	930.736511	2022-08-09T06:41:25Z			Jai74				"Flag, Blue"	user											SymbolAndName			2022-08-09T06:41:25Z
117	43.31617196	-116.150318	962.382812	2022-08-02T05:23:59Z			Jai8				"Flag, Blue"	user											SymbolAndName			2022-08-02T05:23:59Z
118	43.17471201	-116.190974	952.832031	2022-08-05T06:31:20Z			Jai81				"Flag, Blue"	user											SymbolAndName			2022-08-05T06:31:20Z
119	43.31617196	-116.150318	962.382812	2022-08-02T05:24:22Z			Jai9				"Flag, Blue"	user											SymbolAndName			2022-08-02T05:24:22Z
120	43.17471201	-116.190974	952.832031	2022-08-05T06:31:28Z			Jai91				"Flag, Blue"	user											SymbolAndName			2022-08-05T06:31:28Z
121	43.39990902	-116.234335	881.106567	2022-08-02T03:44:54Z			Jaib				"Flag, Blue"	user											SymbolAndName			2022-08-02T03:44:54Z
122	43.39221904	-116.234393	881.442444	2022-08-02T03:51:51Z			Jaib1				"Flag, Blue"	user											SymbolAndName			2022-08-02T03:51:51Z
123	43.27828601	-116.173101	1003.543884	2022-08-08T05:29:20Z			Jaib10				"Flag, Blue"	user											SymbolAndName			2022-08-08T05:29:20Z
124	43.28308498	-116.188341	981.61676	2022-08-09T04:55:50Z			Jaib101				"Flag, Blue"	user											SymbolAndName			2022-08-09T04:55:50Z
125	43.36493997	-116.234422	888.767029	2022-08-04T04:48:45Z			Jaib11				"Flag, Blue"	user											SymbolAndName			2022-08-04T04:48:45Z
126	43.35759499	-116.234367	909.798462	2022-08-09T04:41:16Z			Jaib110				"Flag, Blue"	user											SymbolAndName			2022-08-09T04:41:16Z
127	43.27899897	-116.177727	1005.027466	2022-08-08T05:30:14Z			Jaib111				"Flag, Blue"	user											SymbolAndName			2022-08-08T05:30:14Z
128	43.27320004	-116.20382	990.527588	2022-08-09T04:59:15Z			Jaib112				"Flag, Blue"	user											SymbolAndName			2022-08-09T04:59:15Z
129	43.21459796	-115.986746	938.527649	2022-08-05T04:59:54Z			Jaib12				"Flag, Blue"	user											SymbolAndName			2022-08-05T04:59:54Z
130	43.29382002	-116.203233	993.168152	2022-08-08T05:33:38Z			Jaib121				"Flag, Blue"	user											SymbolAndName			2022-08-08T05:33:38Z
131	43.249594	-116.202946	985.600952	2022-08-09T05:02:44Z			Jaib122				"Flag, Blue"	user											SymbolAndName			2022-08-09T05:02:44Z
132	43.29468302	-116.206007	992.888245	2022-08-08T05:34:09Z			Jaib13				"Flag, Blue"	user											SymbolAndName			2022-08-08T05:34:09Z
133	43.24191903	-116.20127	990.788818	2022-08-09T05:04:13Z			Jaib131				"Flag, Blue"	user											SymbolAndName			2022-08-09T05:04:13Z
134	43.21494598	-115.971992	938.424988	2022-08-08T04:49:50Z			Jaib14				"Flag, Blue"	user											SymbolAndName			2022-08-08T04:49:50Z
135	43.23635001	-116.199843	986.981934	2022-08-09T05:05:20Z			Jaib141				"Flag, Blue"	user											SymbolAndName			2022-08-09T05:05:20Z
136	43.21343699	-115.995053	939.871277	2022-08-08T04:52:27Z			Jaib15				"Flag, Blue"	user											SymbolAndName			2022-08-08T04:52:27Z
137	43.23239098	-116.198829	979.974548	2022-08-09T05:06:11Z			Jaib151				"Flag, Blue"	user											SymbolAndName			2022-08-09T05:06:11Z
138	43.22184403	-116.195973	977.548584	2022-08-09T05:07:50Z			Jaib16				"Flag, Blue"	user											SymbolAndName			2022-08-09T05:07:50Z
139	43.22379098	-116.205634	978.453674	2022-08-09T05:09:34Z			Jaib17				"Flag, Blue"	user											SymbolAndName			2022-08-09T05:09:34Z
140	43.22575	-116.212305	986.328735	2022-08-09T05:10:28Z			Jaib18				"Flag, Blue"	user											SymbolAndName			2022-08-09T05:10:28Z
141	43.22769804	-116.219083	988.082947	2022-08-09T05:11:41Z			Jaib19				"Flag, Blue"	user											SymbolAndName			2022-08-09T05:11:41Z
142	43.34251796	-116.233589	920.472717	2022-08-02T03:59:51Z			Jaib2				"Flag, Blue"	user											SymbolAndName			2022-08-02T03:59:51Z
143	43.22823498	-116.220985	986.151489	2022-08-09T05:11:59Z			Jaib20				"Flag, Blue"	user											SymbolAndName			2022-08-09T05:11:59Z
144	43.353987	-116.23441	898.312378	2022-08-04T04:50:46Z			Jaib21				"Flag, Blue"	user											SymbolAndName			2022-08-04T04:50:46Z
145	43.227404	-116.232128	975.365173	2022-08-09T05:14:26Z			Jaib211				"Flag, Blue"	user											SymbolAndName			2022-08-09T05:14:26Z
146	43.21457097	-115.98738	937.379944	2022-08-05T05:00:02Z			Jaib22				"Flag, Blue"	user											SymbolAndName			2022-08-05T05:00:02Z
147	43.22740903	-116.232836	969.589478	2022-08-09T05:14:35Z			Jaib221				"Flag, Blue"	user											SymbolAndName			2022-08-09T05:14:35Z
148	43.21316298	-115.995458	935.205933	2022-08-08T04:52:36Z			Jaib23				"Flag, Blue"	user											SymbolAndName			2022-08-08T04:52:36Z
149	43.22173096	-116.247855	960.706665	2022-08-09T05:17:02Z			Jaib231				"Flag, Blue"	user											SymbolAndName			2022-08-09T05:17:02Z
150	43.21652798	-116.252065	959.167114	2022-08-09T05:18:32Z			Jaib24				"Flag, Blue"	user											SymbolAndName			2022-08-09T05:18:32Z
151	43.21629002	-116.252244	955.108276	2022-08-09T05:18:39Z			Jaib25				"Flag, Blue"	user											SymbolAndName			2022-08-09T05:18:39Z
152	43.21301697	-116.26531	946.524048	2022-08-09T05:22:14Z			Jaib26				"Flag, Blue"	user											SymbolAndName			2022-08-09T05:22:14Z
153	43.36163498	-116.234421	906.327393	2022-08-09T04:40:22Z			Jaib27				"Flag, Blue"	user											SymbolAndName			2022-08-09T04:40:22Z
154	43.35438699	-116.234427	910.180969	2022-08-09T04:41:53Z			Jaib28				"Flag, Blue"	user											SymbolAndName			2022-08-09T04:41:53Z
155	43.33699403	-116.217205	927.927979	2022-08-02T04:02:38Z			Jaib3				"Flag, Blue"	user											SymbolAndName			2022-08-02T04:02:38Z
156	43.21367503	-115.994644	938.154419	2022-08-05T05:01:10Z			Jaib31				"Flag, Blue"	user											SymbolAndName			2022-08-05T05:01:10Z
157	43.26578298	-116.047171	970.765198	2022-08-08T05:10:45Z			Jaib32				"Flag, Blue"	user											SymbolAndName			2022-08-08T05:10:45Z
158	43.35356296	-116.234423	909.37854	2022-08-09T04:42:05Z			Jaib33				"Flag, Blue"	user											SymbolAndName			2022-08-09T04:42:05Z
159	43.39502103	-116.234413	886.677002	2022-08-04T04:44:49Z			Jaib4				"Flag, Blue"	user											SymbolAndName			2022-08-04T04:44:49Z
160	43.20994299	-116.000451	938.023804	2022-08-05T05:03:12Z			Jaib41				"Flag, Blue"	user											SymbolAndName			2022-08-05T05:03:12Z
161	43.26658596	-116.047423	963.281982	2022-08-08T05:10:56Z			Jaib42				"Flag, Blue"	user											SymbolAndName			2022-08-08T05:10:56Z
162	43.34630297	-116.234457	922.450867	2022-08-09T04:43:13Z			Jaib43				"Flag, Blue"	user											SymbolAndName			2022-08-09T04:43:13Z
163	43.20949196	-116.001274	937.025391	2022-08-05T05:03:27Z			Jaib5				"Flag, Blue"	user											SymbolAndName			2022-08-05T05:03:27Z
164	43.26823401	-116.049211	963.860474	2022-08-08T05:11:34Z			Jaib51				"Flag, Blue"	user											SymbolAndName			2022-08-08T05:11:34Z
165	43.33655197	-116.228712	938.294373	2022-08-09T04:44:36Z			Jaib52				"Flag, Blue"	user											SymbolAndName			2022-08-09T04:44:36Z
166	43.21462504	-115.985722	936.633484	2022-08-05T04:59:45Z			Jaib6				"Flag, Blue"	user											SymbolAndName			2022-08-05T04:59:45Z
167	43.27976902	-116.130658	1009.188965	2022-08-08T05:24:11Z			Jaib61				"Flag, Blue"	user											SymbolAndName			2022-08-08T05:24:11Z
168	43.32995198	-116.223079	944.993774	2022-08-09T04:45:39Z			Jaib62				"Flag, Blue"	user											SymbolAndName			2022-08-09T04:45:39Z
169	43.27938102	-116.13394	1006.511047	2022-08-08T05:24:52Z			Jaib7				"Flag, Blue"	user											SymbolAndName			2022-08-08T05:24:52Z
170	43.31858997	-116.215499	955.668091	2022-08-09T04:47:39Z			Jaib71				"Flag, Blue"	user											SymbolAndName			2022-08-09T04:47:39Z
171	43.27927097	-116.134893	1007.388123	2022-08-08T05:25:04Z			Jaib8				"Flag, Blue"	user											SymbolAndName			2022-08-08T05:25:04Z
172	43.29217901	-116.199922	987.896301	2022-08-09T04:53:45Z			Jaib81				"Flag, Blue"	user											SymbolAndName			2022-08-09T04:53:45Z
173	43.27820697	-116.170255	1009.515564	2022-08-08T05:28:46Z			Jaib9				"Flag, Blue"	user											SymbolAndName			2022-08-08T05:28:46Z
174	43.28325698	-116.188678	986.09552	2022-08-09T04:55:41Z			Jaib91				"Flag, Blue"	user											SymbolAndName			2022-08-09T04:55:41Z
175	43.31523696	-116.151603	961	2022-08-02T09:06:31Z			Jaie				"Flag, Blue"	user											SymbolAndName			2022-08-02T09:06:31Z
176	43.27858499	-116.156654	994.269165	2022-08-04T07:05:00Z			Jaie1				"Flag, Blue"	user											SymbolAndName			2022-08-04T07:05:00Z
177	43.27369901	-116.073507	971.511597	2022-08-04T07:15:11Z			Jaie10				"Flag, Blue"	user											SymbolAndName			2022-08-04T07:15:11Z
178	43.32310203	-116.217096	944.928467	2022-08-05T07:51:58Z			Jaie101				"Flag, Blue"	user											SymbolAndName			2022-08-05T07:51:58Z
179	43.402481	-116.234373	892.620605	2022-08-08T07:38:46Z			Jaie102				"Flag, Blue"	user											SymbolAndName			2022-08-08T07:38:46Z
180	43.27370999	-116.072812	967.993958	2022-08-04T07:15:19Z			Jaie11				"Flag, Blue"	user											SymbolAndName			2022-08-04T07:15:19Z
181	43.227389	-116.232739	973.937622	2022-08-05T07:26:56Z			Jaie110				"Flag, Blue"	user											SymbolAndName			2022-08-05T07:26:56Z
182	43.35156597	-116.234434	910.479553	2022-08-05T07:57:22Z			Jaie111				"Flag, Blue"	user											SymbolAndName			2022-08-05T07:57:22Z
183	43.33994899	-116.231193	935.299194	2022-08-08T07:27:19Z			Jaie112				"Flag, Blue"	user											SymbolAndName			2022-08-08T07:27:19Z
184	43.21336197	-115.995075	926.79895	2022-08-09T07:33:00Z			Jaie113				"Flag, Blue"	user											SymbolAndName			2022-08-09T07:33:00Z
185	43.27311597	-116.068078	964.280334	2022-08-04T07:16:17Z			Jaie12				"Flag, Blue"	user											SymbolAndName			2022-08-04T07:16:17Z
186	43.38702704	-116.234453	883.728455	2022-08-05T08:04:12Z			Jaie121				"Flag, Blue"	user											SymbolAndName			2022-08-05T08:04:12Z
187	43.27371402	-116.066208	961.630432	2022-08-04T07:16:49Z			Jaie13				"Flag, Blue"	user											SymbolAndName			2022-08-04T07:16:49Z
188	43.40406703	-116.234376	890.455933	2022-08-05T08:07:19Z			Jaie131				"Flag, Blue"	user											SymbolAndName			2022-08-05T08:07:19Z
189	43.27390001	-116.065698	962.096985	2022-08-04T07:16:55Z			Jaie14				"Flag, Blue"	user											SymbolAndName			2022-08-04T07:16:55Z
190	43.40493296	-116.234375	885.025452	2022-08-05T08:07:31Z			Jaie141				"Flag, Blue"	user											SymbolAndName			2022-08-05T08:07:31Z
191	43.26560503	-116.047074	953.372742	2022-08-04T07:19:48Z			Jaie15				"Flag, Blue"	user											SymbolAndName			2022-08-04T07:19:48Z
192	43.26472401	-116.046975	952.309082	2022-08-04T07:19:59Z			Jaie16				"Flag, Blue"	user											SymbolAndName			2022-08-04T07:19:59Z
193	43.26324401	-116.046555	957.804871	2022-08-04T07:20:14Z			Jaie17				"Flag, Blue"	user											SymbolAndName			2022-08-04T07:20:14Z
194	43.25850204	-116.042967	944.639221	2022-08-04T07:21:20Z			Jaie18				"Flag, Blue"	user											SymbolAndName			2022-08-04T07:21:20Z
195	43.25694703	-116.04039	941.438782	2022-08-04T07:21:56Z			Jaie19				"Flag, Blue"	user											SymbolAndName			2022-08-04T07:21:56Z
196	43.27869203	-116.155106	995.836731	2022-08-04T07:05:14Z			Jaie2				"Flag, Blue"	user											SymbolAndName			2022-08-04T07:05:14Z
197	43.25563199	-116.032683	941.886658	2022-08-04T07:23:18Z			Jaie20				"Flag, Blue"	user											SymbolAndName			2022-08-04T07:23:18Z
198	43.21022898	-115.999976	927.722717	2022-08-04T07:34:09Z			Jaie21				"Flag, Blue"	user											SymbolAndName			2022-08-04T07:34:09Z
199	43.22874896	-116.223153	985.56366	2022-08-05T07:29:11Z			Jaie210				"Flag, Blue"	user											SymbolAndName			2022-08-05T07:29:11Z
200	43.34169402	-116.232941	934.487427	2022-08-08T07:27:54Z			Jaie211				"Flag, Blue"	user											SymbolAndName			2022-08-08T07:27:54Z
201	43.21249897	-115.996376	924.270325	2022-08-04T07:34:43Z			Jaie22				"Flag, Blue"	user											SymbolAndName			2022-08-04T07:34:43Z
202	43.21371803	-115.994496	924.40094	2022-08-04T07:35:05Z			Jaie23				"Flag, Blue"	user											SymbolAndName			2022-08-04T07:35:05Z
203	43.21455597	-115.989241	927.704041	2022-08-04T07:35:45Z			Jaie24				"Flag, Blue"	user											SymbolAndName			2022-08-04T07:35:45Z
204	43.21455698	-115.988459	922.096313	2022-08-04T07:35:54Z			Jaie25				"Flag, Blue"	user											SymbolAndName			2022-08-04T07:35:54Z
205	43.21473098	-115.98226	925.800598	2022-08-04T07:36:42Z			Jaie26				"Flag, Blue"	user											SymbolAndName			2022-08-04T07:36:42Z
206	43.21477298	-115.980786	923.803772	2022-08-04T07:36:53Z			Jaie27				"Flag, Blue"	user											SymbolAndName			2022-08-04T07:36:53Z
207	43.21490197	-115.970478	923.355957	2022-08-04T07:38:35Z			Jaie28				"Flag, Blue"	user											SymbolAndName			2022-08-04T07:38:35Z
208	43.21491203	-115.962652	928.805054	2022-08-04T07:39:22Z			Jaie29				"Flag, Blue"	user											SymbolAndName			2022-08-04T07:39:22Z
209	43.278356	-116.142797	996.396606	2022-08-04T07:06:37Z			Jaie3				"Flag, Blue"	user											SymbolAndName			2022-08-04T07:06:37Z
210	43.27821703	-116.172019	993.242798	2022-08-04T07:03:23Z			Jaie30				"Flag, Blue"	user											SymbolAndName			2022-08-04T07:03:23Z
211	43.21590202	-116.252492	954.968323	2022-08-05T07:22:10Z			Jaie31				"Flag, Blue"	user											SymbolAndName			2022-08-05T07:22:10Z
212	43.22831302	-116.221251	986.515381	2022-08-05T07:29:37Z			Jaie32				"Flag, Blue"	user											SymbolAndName			2022-08-05T07:29:37Z
213	43.33704801	-116.218048	944.284668	2022-08-08T07:25:38Z			Jaie33				"Flag, Blue"	user											SymbolAndName			2022-08-08T07:25:38Z
214	43.35092903	-116.23443	925.959167	2022-08-08T07:29:24Z			Jaie34				"Flag, Blue"	user											SymbolAndName			2022-08-08T07:29:24Z
215	43.21218104	-115.996886	927.862671	2022-08-09T07:32:38Z			Jaie35				"Flag, Blue"	user											SymbolAndName			2022-08-09T07:32:38Z
216	43.21485696	-115.977013	927.17218	2022-08-09T07:35:35Z			Jaie36				"Flag, Blue"	user											SymbolAndName			2022-08-09T07:35:35Z
217	43.27312401	-116.203913	1006.492371	2022-08-12T07:19:57Z			Jaie37				"Flag, Blue"	user											SymbolAndName			2022-08-12T07:19:57Z
218	43.27947398	-116.132682	995.052979	2022-08-04T07:08:05Z			Jaie4				"Flag, Blue"	user											SymbolAndName			2022-08-04T07:08:05Z
219	43.22243697	-116.196267	982.167297	2022-08-05T07:32:59Z			Jaie41				"Flag, Blue"	user											SymbolAndName			2022-08-05T07:32:59Z
220	43.35559197	-116.234411	913.325439	2022-08-08T07:30:25Z			Jaie42				"Flag, Blue"	user											SymbolAndName			2022-08-08T07:30:25Z
221	43.28362696	-116.094967	968.871033	2022-08-04T07:11:44Z			Jaie5				"Flag, Blue"	user											SymbolAndName			2022-08-04T07:11:44Z
222	43.23282399	-116.198932	981.691406	2022-08-05T07:34:19Z			Jaie51				"Flag, Blue"	user											SymbolAndName			2022-08-05T07:34:19Z
223	43.35928797	-116.234411	905.263733	2022-08-08T07:31:15Z			Jaie52				"Flag, Blue"	user											SymbolAndName			2022-08-08T07:31:15Z
224	43.28345496	-116.09241	967.200867	2022-08-04T07:12:07Z			Jaie6				"Flag, Blue"	user											SymbolAndName			2022-08-04T07:12:07Z
225	43.23508903	-116.199524	984.826538	2022-08-05T07:34:41Z			Jaie61				"Flag, Blue"	user											SymbolAndName			2022-08-05T07:34:41Z
226	43.36963501	-116.234446	895.69043	2022-08-08T07:33:16Z			Jaie62				"Flag, Blue"	user											SymbolAndName			2022-08-08T07:33:16Z
227	43.279204	-116.085527	970.80249	2022-08-04T07:13:25Z			Jaie7				"Flag, Blue"	user											SymbolAndName			2022-08-04T07:13:25Z
228	43.28236003	-116.188478	984.919861	2022-08-05T07:42:18Z			Jaie71				"Flag, Blue"	user											SymbolAndName			2022-08-05T07:42:18Z
229	43.38405197	-116.234481	890.689148	2022-08-08T07:35:46Z			Jaie72				"Flag, Blue"	user											SymbolAndName			2022-08-08T07:35:46Z
230	43.27735998	-116.081646	970.158691	2022-08-04T07:13:57Z			Jaie8				"Flag, Blue"	user											SymbolAndName			2022-08-04T07:13:57Z
231	43.31634899	-116.215152	956.125305	2022-08-05T07:48:12Z			Jaie81				"Flag, Blue"	user											SymbolAndName			2022-08-05T07:48:12Z
232	43.39489304	-116.234422	895.671753	2022-08-08T07:37:35Z			Jaie82				"Flag, Blue"	user											SymbolAndName			2022-08-08T07:37:35Z
233	43.27347597	-116.075068	975.850403	2022-08-04T07:14:56Z			Jaie9				"Flag, Blue"	user											SymbolAndName			2022-08-04T07:14:56Z
234	43.31642702	-116.215175	949.640503	2022-08-05T07:48:20Z			Jaie91				"Flag, Blue"	user											SymbolAndName			2022-08-05T07:48:20Z
235	43.40168699	-116.234379	895.410522	2022-08-08T07:38:31Z			Jaie92				"Flag, Blue"	user											SymbolAndName			2022-08-08T07:38:31Z
236	43.320249	-116.132673	957.142334	2022-08-04T05:38:25Z			Jj				"Flag, Blue"	user											SymbolAndName			2022-08-04T05:38:25Z
237	43.31617196	-116.150318	962.382812	2022-08-02T06:29:13Z			Jj.				"Flag, Blue"	user											SymbolAndName			2022-08-02T06:29:13Z
238	43.20711703	-115.985246	935.635132	2022-08-05T05:20:34Z			Jj1				"Flag, Blue"	user											SymbolAndName			2022-08-05T05:20:34Z
239	43.17303998	-116.240329	931.977478	2022-08-05T06:49:22Z			Jj10				"Flag, Blue"	user											SymbolAndName			2022-08-05T06:49:22Z
240	43.17362202	-116.242117	929.364868	2022-08-05T06:49:56Z			Jj11				"Flag, Blue"	user											SymbolAndName			2022-08-05T06:49:56Z
241	43.17335498	-116.241268	918.046753	2022-08-09T05:52:10Z			Jj110				"Flag, Blue"	user											SymbolAndName			2022-08-09T05:52:10Z
242	43.16214904	-116.214252	926.061829	2022-08-09T06:01:48Z			Jj111				"Flag, Blue"	user											SymbolAndName			2022-08-09T06:01:48Z
243	43.17424002	-116.244505	925.511292	2022-08-05T06:50:46Z			Jj12				"Flag, Blue"	user											SymbolAndName			2022-08-05T06:50:46Z
244	43.17433801	-116.244753	924.624878	2022-08-05T06:50:52Z			Jj13				"Flag, Blue"	user											SymbolAndName			2022-08-05T06:50:52Z
245	43.17505499	-116.246682	926.313782	2022-08-05T06:51:32Z			Jj14				"Flag, Blue"	user											SymbolAndName			2022-08-05T06:51:32Z
246	43.17546998	-116.249097	923.934448	2022-08-05T06:52:29Z			Jj15				"Flag, Blue"	user											SymbolAndName			2022-08-05T06:52:29Z
247	43.178594	-116.256368	923.747803	2022-08-05T06:55:15Z			Jj16				"Flag, Blue"	user											SymbolAndName			2022-08-05T06:55:15Z
248	43.20736396	-116.274194	940.393799	2022-08-05T07:11:54Z			Jj17				"Flag, Blue"	user											SymbolAndName			2022-08-05T07:11:54Z
249	43.160746	-116.210396	931.762878	2022-08-05T06:37:30Z			Jj18				"Flag, Blue"	user											SymbolAndName			2022-08-05T06:37:30Z
250	43.16186699	-116.213602	932.276062	2022-08-05T06:38:45Z			Jj19				"Flag, Blue"	user											SymbolAndName			2022-08-05T06:38:45Z
251	43.16514901	-116.221049	938.471619	2022-08-05T06:41:31Z			Jj2				"Flag, Blue"	user											SymbolAndName			2022-08-05T06:41:31Z
252	43.17342698	-116.241507	921.797729	2022-08-09T05:52:04Z			Jj20				"Flag, Blue"	user											SymbolAndName			2022-08-09T05:52:04Z
253	43.16978403	-116.234035	927.116211	2022-08-09T05:55:11Z			Jj21				"Flag, Blue"	user											SymbolAndName			2022-08-09T05:55:11Z
254	43.16443303	-116.219272	931.00708	2022-08-09T06:00:00Z			Jj22				"Flag, Blue"	user											SymbolAndName			2022-08-09T06:00:00Z
255	43.16121999	-116.212131	924.643555	2022-08-09T06:02:33Z			Jj23				"Flag, Blue"	user											SymbolAndName			2022-08-09T06:02:33Z
256	43.16560599	-116.222231	939.516663	2022-08-05T06:42:09Z			Jj3				"Flag, Blue"	user											SymbolAndName			2022-08-05T06:42:09Z
257	43.16963601	-116.233723	927.218811	2022-08-09T05:55:21Z			Jj31				"Flag, Blue"	user											SymbolAndName			2022-08-09T05:55:21Z
258	43.181283	-115.963928	920.426086	2022-08-09T07:00:47Z			Jj32				"Flag, Blue"	user											SymbolAndName			2022-08-09T07:00:47Z
259	43.16572996	-116.222552	937.184021	2022-08-05T06:42:17Z			Jj4				"Flag, Blue"	user											SymbolAndName			2022-08-05T06:42:17Z
260	43.16884803	-116.231742	928.50647	2022-08-09T05:55:55Z			Jj41				"Flag, Blue"	user											SymbolAndName			2022-08-09T05:55:55Z
261	43.16654803	-116.224562	939.871277	2022-08-05T06:43:01Z			Jj5				"Flag, Blue"	user											SymbolAndName			2022-08-05T06:43:01Z
262	43.16870897	-116.231371	925.427368	2022-08-09T05:56:04Z			Jj51				"Flag, Blue"	user											SymbolAndName			2022-08-09T05:56:04Z
263	43.16987003	-116.23415	934.851318	2022-08-05T06:46:38Z			Jj6				"Flag, Blue"	user											SymbolAndName			2022-08-05T06:46:38Z
264	43.17010799	-116.234611	935.96167	2022-08-05T06:46:53Z			Jj7				"Flag, Blue"	user											SymbolAndName			2022-08-05T06:46:53Z
265	43.17040798	-116.235177	935.336548	2022-08-05T06:47:08Z			Jj8				"Flag, Blue"	user											SymbolAndName			2022-08-05T06:47:08Z
266	43.17267302	-116.239529	931.408325	2022-08-05T06:48:59Z			Jj9				"Flag, Blue"	user											SymbolAndName			2022-08-05T06:48:59Z
267	43.31587298	-116.150318	962.921875	2022-08-02T05:11:03Z			Jji				"Flag, Blue"	user											SymbolAndName			2022-08-02T05:11:03Z
268	43.31617196	-116.150318	962.382812	2022-08-02T05:12:08Z			Jji1				"Flag, Blue"	user											SymbolAndName			2022-08-02T05:12:08Z
269	43.15854399	-116.20628	933.862305	2022-08-05T06:33:09Z			Jji11				"Flag, Blue"	user											SymbolAndName			2022-08-05T06:33:09Z
270	43.33702798	-116.218034	940.524414	2022-08-08T06:25:04Z			Jji12				"Flag, Blue"	user											SymbolAndName			2022-08-08T06:25:04Z
271	43.17075097	-116.194747	936.792114	2022-08-09T06:09:10Z			Jji13				"Flag, Blue"	user											SymbolAndName			2022-08-09T06:09:10Z
272	43.32264396	-116.242302	925.744568	2022-08-04T06:06:38Z			Jji2				"Flag, Blue"	user											SymbolAndName			2022-08-04T06:06:38Z
273	43.32075602	-116.15533	956.685181	2022-08-08T06:32:09Z			Jji21				"Flag, Blue"	user											SymbolAndName			2022-08-08T06:32:09Z
274	43.17148103	-116.194324	938.406311	2022-08-09T06:09:31Z			Jji22				"Flag, Blue"	user											SymbolAndName			2022-08-09T06:09:31Z
275	43.17471201	-116.190974	952.832031	2022-08-05T06:29:14Z			Jji3				"Flag, Blue"	user											SymbolAndName			2022-08-05T06:29:14Z
276	43.31976	-116.15436	959.297729	2022-08-08T06:32:46Z			Jji31				"Flag, Blue"	user											SymbolAndName			2022-08-08T06:32:46Z
277	43.17405	-116.16436	933.078491	2022-08-09T06:16:05Z			Jji32				"Flag, Blue"	user											SymbolAndName			2022-08-09T06:16:05Z
278	43.317386	-116.151822	963.50592	2022-08-08T06:33:30Z			Jji4				"Flag, Blue"	user											SymbolAndName			2022-08-08T06:33:30Z
279	43.16854997	-116.16422	931.96814	2022-08-09T06:16:55Z			Jji41				"Flag, Blue"	user											SymbolAndName			2022-08-09T06:16:55Z
280	43.31263103	-116.147225	968.30188	2022-08-08T06:34:36Z			Jji5				"Flag, Blue"	user											SymbolAndName			2022-08-08T06:34:36Z
281	43.16696403	-116.164169	923.766479	2022-08-09T06:17:18Z			Jji51				"Flag, Blue"	user											SymbolAndName			2022-08-09T06:17:18Z
282	43.30715999	-116.142176	974.74939	2022-08-08T06:35:45Z			Jji6				"Flag, Blue"	user											SymbolAndName			2022-08-08T06:35:45Z
283	43.162544	-116.004553	951.086731	2022-08-09T06:36:40Z			Jji61				"Flag, Blue"	user											SymbolAndName			2022-08-09T06:36:40Z
284	43.30475103	-116.137803	982.559143	2022-08-08T06:37:14Z			Jji7				"Flag, Blue"	user											SymbolAndName			2022-08-08T06:37:14Z
285	43.18412002	-116.01511	934.086243	2022-08-09T06:39:36Z			Jji71				"Flag, Blue"	user											SymbolAndName			2022-08-09T06:39:36Z
286	43.32464204	-116.239629	938.994141	2022-08-08T06:15:18Z			Jji8				"Flag, Blue"	user											SymbolAndName			2022-08-08T06:15:18Z
287	43.16930098	-116.195797	930.279297	2022-08-09T06:08:35Z			Jji9				"Flag, Blue"	user											SymbolAndName			2022-08-09T06:08:35Z
288	43.36591604	-116.234434	888.795044	2022-08-04T04:48:30Z			Jjib				"Flag, Blue"	user											SymbolAndName			2022-08-04T04:48:30Z
289	43.35863703	-116.234384	896.623474	2022-08-04T04:49:51Z			Jjib1				"Flag, Blue"	user											SymbolAndName			2022-08-04T04:49:51Z
290	43.27944003	-116.133491	1006.380432	2022-08-08T05:24:46Z			Jjib10				"Flag, Blue"	user											SymbolAndName			2022-08-08T05:24:46Z
291	43.22602199	-116.213231	986.590027	2022-08-09T05:10:40Z			Jjib101				"Flag, Blue"	user											SymbolAndName			2022-08-09T05:10:40Z
292	43.214072	-115.994066	937.193359	2022-08-05T05:01:00Z			Jjib11				"Flag, Blue"	user											SymbolAndName			2022-08-05T05:01:00Z
293	43.27932604	-116.134413	1006.529724	2022-08-08T05:24:58Z			Jjib111				"Flag, Blue"	user											SymbolAndName			2022-08-08T05:24:58Z
294	43.226569	-116.223982	982.913757	2022-08-09T05:13:06Z			Jjib112				"Flag, Blue"	user											SymbolAndName			2022-08-09T05:13:06Z
295	43.27847301	-116.16359	1010.22467	2022-08-08T05:27:57Z			Jjib12				"Flag, Blue"	user											SymbolAndName			2022-08-08T05:27:57Z
296	43.22081398	-116.24888	958.681946	2022-08-09T05:17:21Z			Jjib121				"Flag, Blue"	user											SymbolAndName			2022-08-09T05:17:21Z
297	43.27824301	-116.170997	1002.657471	2022-08-08T05:28:54Z			Jjib13				"Flag, Blue"	user											SymbolAndName			2022-08-08T05:28:54Z
298	43.22063101	-116.249056	958.625916	2022-08-09T05:17:29Z			Jjib131				"Flag, Blue"	user											SymbolAndName			2022-08-09T05:17:29Z
299	43.29102298	-116.198532	991.917847	2022-08-08T05:32:48Z			Jjib14				"Flag, Blue"	user											SymbolAndName			2022-08-08T05:32:48Z
300	43.29393804	-116.203618	987.84967	2022-08-08T05:33:44Z			Jjib15				"Flag, Blue"	user											SymbolAndName			2022-08-08T05:33:44Z
301	43.21466301	-115.984746	941.858704	2022-08-08T04:51:09Z			Jjib16				"Flag, Blue"	user											SymbolAndName			2022-08-08T04:51:09Z
302	43.21463903	-115.985573	936.857422	2022-08-08T04:51:18Z			Jjib17				"Flag, Blue"	user											SymbolAndName			2022-08-08T04:51:18Z
303	43.36982796	-116.234428	895.158569	2022-08-09T04:39:00Z			Jjib18				"Flag, Blue"	user											SymbolAndName			2022-08-09T04:39:00Z
304	43.36630203	-116.234432	898.321655	2022-08-09T04:39:38Z			Jjib19				"Flag, Blue"	user											SymbolAndName			2022-08-09T04:39:38Z
305	43.35788299	-116.234359	896.306274	2022-08-04T04:50:01Z			Jjib2				"Flag, Blue"	user											SymbolAndName			2022-08-04T04:50:01Z
306	43.21338301	-115.995092	938.434326	2022-08-05T05:01:19Z			Jjib21				"Flag, Blue"	user											SymbolAndName			2022-08-05T05:01:19Z
307	43.21284598	-115.995939	936.642822	2022-08-08T04:52:43Z			Jjib22				"Flag, Blue"	user											SymbolAndName			2022-08-08T04:52:43Z
308	43.31796401	-116.215428	951.823853	2022-08-09T04:47:47Z			Jjib23				"Flag, Blue"	user											SymbolAndName			2022-08-09T04:47:47Z
309	43.387667	-116.232372	891.289062	2022-08-04T04:52:07Z			Jjib3				"Flag, Blue"	user											SymbolAndName			2022-08-04T04:52:07Z
310	43.21260299	-115.996269	937.557251	2022-08-05T05:01:48Z			Jjib31				"Flag, Blue"	user											SymbolAndName			2022-08-05T05:01:48Z
311	43.25103904	-116.020116	953.699341	2022-08-08T05:07:01Z			Jjib32				"Flag, Blue"	user											SymbolAndName			2022-08-08T05:07:01Z
312	43.29631599	-116.209066	986.907288	2022-08-09T04:52:24Z			Jjib33				"Flag, Blue"	user											SymbolAndName			2022-08-09T04:52:24Z
313	43.210304	-115.999861	935.821716	2022-08-05T05:02:57Z			Jjib4				"Flag, Blue"	user											SymbolAndName			2022-08-05T05:02:57Z
314	43.25880999	-116.04337	956.95575	2022-08-08T05:09:37Z			Jjib41				"Flag, Blue"	user											SymbolAndName			2022-08-08T05:09:37Z
315	43.26528702	-116.207293	994.203857	2022-08-09T05:00:34Z			Jjib42				"Flag, Blue"	user											SymbolAndName			2022-08-09T05:00:34Z
316	43.20964702	-116.000954	938.126404	2022-08-05T05:03:21Z			Jjib5				"Flag, Blue"	user											SymbolAndName			2022-08-05T05:03:21Z
317	43.26868798	-116.049768	964.709534	2022-08-08T05:11:45Z			Jjib51				"Flag, Blue"	user											SymbolAndName			2022-08-08T05:11:45Z
318	43.25120701	-116.203393	990.984802	2022-08-09T05:02:24Z			Jjib52				"Flag, Blue"	user											SymbolAndName			2022-08-09T05:02:24Z
319	43.21466703	-115.984747	939.768616	2022-08-05T04:59:37Z			Jjib6				"Flag, Blue"	user											SymbolAndName			2022-08-05T04:59:37Z
320	43.28378504	-116.092474	979.452026	2022-08-08T05:20:12Z			Jjib61				"Flag, Blue"	user											SymbolAndName			2022-08-08T05:20:12Z
321	43.24154	-116.201165	983.436279	2022-08-09T05:04:21Z			Jjib62				"Flag, Blue"	user											SymbolAndName			2022-08-09T05:04:21Z
322	43.28163701	-116.114289	999.307739	2022-08-08T05:22:34Z			Jjib7				"Flag, Blue"	user											SymbolAndName			2022-08-08T05:22:34Z
323	43.24142701	-116.201141	982.447205	2022-08-09T05:04:27Z			Jjib71				"Flag, Blue"	user											SymbolAndName			2022-08-09T05:04:27Z
324	43.281131	-116.118729	1000.58606	2022-08-08T05:23:01Z			Jjib8				"Flag, Blue"	user											SymbolAndName			2022-08-08T05:23:01Z
325	43.23555096	-116.199624	980.944946	2022-08-09T05:05:27Z			Jjib81				"Flag, Blue"	user											SymbolAndName			2022-08-09T05:05:27Z
326	43.27949099	-116.13307	1006.025879	2022-08-08T05:24:41Z			Jjib9				"Flag, Blue"	user											SymbolAndName			2022-08-08T05:24:41Z
327	43.23480296	-116.199453	980.23584	2022-08-09T05:05:36Z			Jjib91				"Flag, Blue"	user											SymbolAndName			2022-08-09T05:05:36Z
328	43.31523696	-116.151603	961	2022-08-02T09:03:52Z			Jjie				"Flag, Blue"	user											SymbolAndName			2022-08-02T09:03:52Z
329	43.27860997	-116.159246	998.850525	2022-08-04T07:04:39Z			Jjie1				"Flag, Blue"	user											SymbolAndName			2022-08-04T07:04:39Z
330	43.256627	-116.039502	942.595825	2022-08-04T07:22:08Z			Jjie10				"Flag, Blue"	user											SymbolAndName			2022-08-04T07:22:08Z
331	43.35369003	-116.234402	903.584167	2022-08-05T07:58:06Z			Jjie101				"Flag, Blue"	user											SymbolAndName			2022-08-05T07:58:06Z
332	43.40221203	-116.234377	890.773132	2022-08-08T07:38:40Z			Jjie102				"Flag, Blue"	user											SymbolAndName			2022-08-08T07:38:40Z
333	43.21457198	-115.992301	926.043152	2022-08-04T07:35:24Z			Jjie11				"Flag, Blue"	user											SymbolAndName			2022-08-04T07:35:24Z
334	43.21466602	-115.983953	928.170593	2022-08-09T07:34:27Z			Jjie110				"Flag, Blue"	user											SymbolAndName			2022-08-09T07:34:27Z
335	43.35749298	-116.23435	900.411743	2022-08-05T07:58:51Z			Jjie111				"Flag, Blue"	user											SymbolAndName			2022-08-05T07:58:51Z
336	43.40275803	-116.234385	892.751282	2022-08-08T07:38:55Z			Jjie112				"Flag, Blue"	user											SymbolAndName			2022-08-08T07:38:55Z
337	43.36874904	-116.234415	905.431641	2022-08-12T07:34:18Z			Jjie113				"Flag, Blue"	user											SymbolAndName			2022-08-12T07:34:18Z
338	43.214618	-115.985601	924.475586	2022-08-04T07:36:17Z			Jjie12				"Flag, Blue"	user											SymbolAndName			2022-08-04T07:36:17Z
339	43.35878396	-116.234374	900.533081	2022-08-05T07:59:09Z			Jjie121				"Flag, Blue"	user											SymbolAndName			2022-08-05T07:59:09Z
340	43.406377	-116.234398	895.494507	2022-08-08T07:39:36Z			Jjie122				"Flag, Blue"	user											SymbolAndName			2022-08-08T07:39:36Z
341	43.21488697	-115.972117	926.621643	2022-08-04T07:38:10Z			Jjie13				"Flag, Blue"	user											SymbolAndName			2022-08-04T07:38:10Z
342	43.35913902	-116.234389	896.166321	2022-08-05T07:59:16Z			Jjie131				"Flag, Blue"	user											SymbolAndName			2022-08-05T07:59:16Z
343	43.27824301	-116.173269	991.74054	2022-08-04T07:03:14Z			Jjie14				"Flag, Blue"	user											SymbolAndName			2022-08-04T07:03:14Z
344	43.36295002	-116.234453	897.351318	2022-08-05T08:00:33Z			Jjie141				"Flag, Blue"	user											SymbolAndName			2022-08-05T08:00:33Z
345	43.21568904	-116.252642	959.269775	2022-08-05T07:22:03Z			Jjie15				"Flag, Blue"	user											SymbolAndName			2022-08-05T07:22:03Z
346	43.21643	-116.25214	959.260437	2022-08-05T07:22:19Z			Jjie16				"Flag, Blue"	user											SymbolAndName			2022-08-05T07:22:19Z
347	43.33705002	-116.219036	940.076538	2022-08-08T07:25:48Z			Jjie17				"Flag, Blue"	user											SymbolAndName			2022-08-08T07:25:48Z
348	43.34728802	-116.234471	928.721069	2022-08-08T07:28:48Z			Jjie18				"Flag, Blue"	user											SymbolAndName			2022-08-08T07:28:48Z
349	43.20760301	-116.007009	932.248047	2022-08-09T07:31:22Z			Jjie19				"Flag, Blue"	user											SymbolAndName			2022-08-09T07:31:22Z
350	43.28008401	-116.127522	995.668762	2022-08-04T07:08:43Z			Jjie2				"Flag, Blue"	user											SymbolAndName			2022-08-04T07:08:43Z
351	43.36022398	-116.234386	910.992737	2022-08-12T07:32:56Z			Jjie20				"Flag, Blue"	user											SymbolAndName			2022-08-12T07:32:56Z
352	43.217782	-116.251259	958.933838	2022-08-05T07:22:47Z			Jjie21				"Flag, Blue"	user											SymbolAndName			2022-08-05T07:22:47Z
353	43.35232001	-116.23443	919.418396	2022-08-08T07:29:37Z			Jjie22				"Flag, Blue"	user											SymbolAndName			2022-08-08T07:29:37Z
354	43.21469301	-115.983405	922.404175	2022-08-09T07:34:34Z			Jjie23				"Flag, Blue"	user											SymbolAndName			2022-08-09T07:34:34Z
355	43.38353002	-116.234467	902.417847	2022-08-12T07:36:22Z			Jjie24				"Flag, Blue"	user											SymbolAndName			2022-08-12T07:36:22Z
356	43.27791897	-116.082512	972.612671	2022-08-04T07:13:48Z			Jjie3				"Flag, Blue"	user											SymbolAndName			2022-08-04T07:13:48Z
357	43.22174697	-116.247843	963.020691	2022-08-05T07:24:11Z			Jjie31				"Flag, Blue"	user											SymbolAndName			2022-08-05T07:24:11Z
358	43.35370604	-116.234428	912.028442	2022-08-08T07:30:00Z			Jjie32				"Flag, Blue"	user											SymbolAndName			2022-08-08T07:30:00Z
359	43.21478697	-115.980424	929.03833	2022-08-09T07:34:58Z			Jjie33				"Flag, Blue"	user											SymbolAndName			2022-08-09T07:34:58Z
360	43.273136	-116.068922	964.980164	2022-08-04T07:16:07Z			Jjie4				"Flag, Blue"	user											SymbolAndName			2022-08-04T07:16:07Z
361	43.22827002	-116.221137	985.395691	2022-08-05T07:29:49Z			Jjie41				"Flag, Blue"	user											SymbolAndName			2022-08-05T07:29:49Z
362	43.35888002	-116.234404	909.705139	2022-08-08T07:31:07Z			Jjie42				"Flag, Blue"	user											SymbolAndName			2022-08-08T07:31:07Z
363	43.27355199	-116.066632	961.397156	2022-08-04T07:16:42Z			Jjie5				"Flag, Blue"	user											SymbolAndName			2022-08-04T07:16:42Z
364	43.23155598	-116.198619	985.93689	2022-08-05T07:34:07Z			Jjie51				"Flag, Blue"	user											SymbolAndName			2022-08-05T07:34:07Z
365	43.35967102	-116.234418	906.840576	2022-08-08T07:31:21Z			Jjie52				"Flag, Blue"	user											SymbolAndName			2022-08-08T07:31:21Z
366	43.27379499	-116.060695	966.491699	2022-08-04T07:17:37Z			Jjie6				"Flag, Blue"	user											SymbolAndName			2022-08-04T07:17:37Z
367	43.31670103	-116.21523	950.536255	2022-08-05T07:49:36Z			Jjie61				"Flag, Blue"	user											SymbolAndName			2022-08-05T07:49:36Z
368	43.35990898	-116.234422	906.653992	2022-08-08T07:31:32Z			Jjie62				"Flag, Blue"	user											SymbolAndName			2022-08-08T07:31:32Z
369	43.26943296	-116.050797	955.238892	2022-08-04T07:19:00Z			Jjie7				"Flag, Blue"	user											SymbolAndName			2022-08-04T07:19:00Z
370	43.31869902	-116.215522	949.724487	2022-08-05T07:50:14Z			Jjie71				"Flag, Blue"	user											SymbolAndName			2022-08-05T07:50:14Z
371	43.36024099	-116.234428	906.458069	2022-08-08T07:31:39Z			Jjie72				"Flag, Blue"	user											SymbolAndName			2022-08-08T07:31:39Z
372	43.26134099	-116.045658	953.997925	2022-08-04T07:20:36Z			Jjie8				"Flag, Blue"	user											SymbolAndName			2022-08-04T07:20:36Z
373	43.34044696	-116.231836	927.974609	2022-08-05T07:55:34Z			Jjie81				"Flag, Blue"	user											SymbolAndName			2022-08-05T07:55:34Z
374	43.38440803	-116.234477	888.627075	2022-08-08T07:35:53Z			Jjie82				"Flag, Blue"	user											SymbolAndName			2022-08-08T07:35:53Z
375	43.25933302	-116.044216	948.782043	2022-08-04T07:21:04Z			Jjie9				"Flag, Blue"	user											SymbolAndName			2022-08-04T07:21:04Z
376	43.35032503	-116.234432	919.147766	2022-08-05T07:57:02Z			Jjie91				"Flag, Blue"	user											SymbolAndName			2022-08-05T07:57:02Z
377	43.38798299	-116.234469	895.765076	2022-08-08T07:36:31Z			Jjie92				"Flag, Blue"	user											SymbolAndName			2022-08-08T07:36:31Z
378	43.31468401	-116.133597	960.380127	2022-08-02T04:58:53Z			Junk	To far w	To far w		"Flag, Blue"	user											SymbolAndName			2022-08-02T04:58:53Z
379	43.31617196	-116.150318	962.382812	2022-08-02T05:11:44Z			Junk1				"Flag, Blue"	user											SymbolAndName			2022-08-02T05:11:44Z
380	43.31178102	-116.13427	980.562378	2022-08-08T06:44:24Z			Junk10				"Flag, Blue"	user											SymbolAndName			2022-08-08T06:44:24Z
381	43.315344	-116.133447	965.558655	2022-08-04T05:41:10Z			Junk11				"Flag, Blue"	user											SymbolAndName			2022-08-04T05:41:10Z
382	43.16919001	-115.975976	942.166626	2022-08-05T05:44:13Z			Junk12				"Flag, Blue"	user											SymbolAndName			2022-08-05T05:44:13Z
383	43.16482999	-116.220221	941.653442	2022-08-05T06:41:12Z			Junk13				"Flag, Blue"	user											SymbolAndName			2022-08-05T06:41:12Z
384	43.31281903	-116.134018	978.229736	2022-08-08T06:44:56Z			Junk14				"Flag, Blue"	user											SymbolAndName			2022-08-08T06:44:56Z
385	43.20051804	-115.995788	924.475586	2022-08-09T07:20:53Z			Junk15				"Flag, Blue"	user											SymbolAndName			2022-08-09T07:20:53Z
386	43.31617196	-116.150318	962.382812	2022-08-02T05:18:28Z			Junk2				"Flag, Blue"	user											SymbolAndName			2022-08-02T05:18:28Z
387	43.16671299	-116.224982	937.669189	2022-08-05T06:43:12Z			Junk21				"Flag, Blue"	user											SymbolAndName			2022-08-05T06:43:12Z
388	43.31468401	-116.133612	980.086548	2022-08-08T06:45:59Z			Junk22				"Flag, Blue"	user											SymbolAndName			2022-08-08T06:45:59Z
389	43.34598203	-116.145594	948.246094	2022-08-04T05:19:32Z			Junk3				"Flag, Blue"	user											SymbolAndName			2022-08-04T05:19:32Z
390	43.16906897	-116.232244	936.773438	2022-08-05T06:45:41Z			Junk31				"Flag, Blue"	user											SymbolAndName			2022-08-05T06:45:41Z
391	43.32717597	-116.13085	969.692139	2022-08-08T06:52:19Z			Junk32				"Flag, Blue"	user											SymbolAndName			2022-08-08T06:52:19Z
392	43.29677003	-116.236006	967.667358	2022-08-04T06:51:14Z			Junk4				"Flag, Blue"	user											SymbolAndName			2022-08-04T06:51:14Z
393	43.17371598	-116.24243	925.847229	2022-08-05T06:50:03Z			Junk41				"Flag, Blue"	user											SymbolAndName			2022-08-05T06:50:03Z
394	43.33003898	-116.130129	964.821533	2022-08-08T06:53:44Z			Junk42				"Flag, Blue"	user											SymbolAndName			2022-08-08T06:53:44Z
395	43.21177896	-116.274202	943.025024	2022-08-05T07:13:53Z			Junk5				"Flag, Blue"	user											SymbolAndName			2022-08-05T07:13:53Z
396	43.33026999	-116.130039	960.57605	2022-08-08T06:53:51Z			Junk51				"Flag, Blue"	user											SymbolAndName			2022-08-08T06:53:51Z
397	43.164328	-116.218973	938.042419	2022-08-05T06:40:46Z			Junk6				"Flag, Blue"	user											SymbolAndName			2022-08-05T06:40:46Z
398	43.17538097	-116.248736	918.933167	2022-08-09T05:49:18Z			Junk61				"Flag, Blue"	user											SymbolAndName			2022-08-09T05:49:18Z
399	43.17445602	-116.245032	919.147766	2022-08-09T05:50:38Z			Junk7				"Flag, Blue"	user											SymbolAndName			2022-08-09T05:50:38Z
400	43.17413399	-116.244237	914.314514	2022-08-09T05:50:59Z			Junk8				"Flag, Blue"	user											SymbolAndName			2022-08-09T05:50:59Z
401	43.171101	-116.236465	926.854919	2022-08-09T05:54:15Z			Junk9				"Flag, Blue"	user											SymbolAndName			2022-08-09T05:54:15Z
402	43.31617196	-116.150318	962.382812	2022-08-02T05:24:38Z			Junki				"Flag, Blue"	user											SymbolAndName			2022-08-02T05:24:38Z
403	43.31617196	-116.150318	962.382812	2022-08-02T07:55:09Z			Junki1	Intermediate	Intermediate		"Flag, Blue"	user											SymbolAndName			2022-08-02T07:55:09Z
404	43.31292397	-116.147422	953.251465	2022-08-04T05:52:17Z			Junki11				"Flag, Blue"	user											SymbolAndName			2022-08-04T05:52:17Z
405	43.33779098	-116.221653	929.392883	2022-08-04T06:01:14Z			Junki12				"Flag, Blue"	user											SymbolAndName			2022-08-04T06:01:14Z
406	43.18061203	-116.172831	960.762695	2022-08-05T06:21:56Z			Junki13				"Flag, Blue"	user											SymbolAndName			2022-08-05T06:21:56Z
407	43.30460301	-116.13732	980.077209	2022-08-08T06:37:23Z			Junki14				"Flag, Blue"	user											SymbolAndName			2022-08-08T06:37:23Z
408	43.165823	-116.164065	927.648071	2022-08-09T06:17:33Z			Junki15				"Flag, Blue"	user											SymbolAndName			2022-08-09T06:17:33Z
409	43.31660698	-116.151076	947.167847	2022-08-04T05:53:13Z			Junki2				"Flag, Blue"	user											SymbolAndName			2022-08-04T05:53:13Z
410	43.33860696	-116.223557	929.57019	2022-08-04T06:01:28Z			Junki21				"Flag, Blue"	user											SymbolAndName			2022-08-04T06:01:28Z
411	43.17650003	-116.185821	955.612122	2022-08-05T06:27:58Z			Junki22				"Flag, Blue"	user											SymbolAndName			2022-08-05T06:27:58Z
412	43.18550798	-116.009404	932.733276	2022-08-09T06:41:45Z			Junki23				"Flag, Blue"	user											SymbolAndName			2022-08-09T06:41:45Z
413	43.32030701	-116.154836	950.778809	2022-08-04T05:53:54Z			Junki3				"Flag, Blue"	user											SymbolAndName			2022-08-04T05:53:54Z
414	43.33928699	-116.225385	929.420898	2022-08-04T06:01:40Z			Junki31				"Flag, Blue"	user											SymbolAndName			2022-08-04T06:01:40Z
415	43.17455904	-116.189577	956.088013	2022-08-05T06:28:47Z			Junki32				"Flag, Blue"	user											SymbolAndName			2022-08-05T06:28:47Z
416	43.387667	-116.232372	891.289062	2022-08-04T04:54:54Z			Junki4				"Flag, Blue"	user											SymbolAndName			2022-08-04T04:54:54Z
417	43.32510103	-116.239062	938.219727	2022-08-04T06:05:39Z			Junki41				"Flag, Blue"	user											SymbolAndName			2022-08-04T06:05:39Z
418	43.17471201	-116.190974	952.832031	2022-08-05T06:29:36Z			Junki42				"Flag, Blue"	user											SymbolAndName			2022-08-05T06:29:36Z
419	43.18599103	-116.010607	946.897278	2022-08-05T05:54:57Z			Junki5				"Flag, Blue"	user											SymbolAndName			2022-08-05T05:54:57Z
420	43.17471201	-116.190974	952.832031	2022-08-05T06:30:33Z			Junki51				"Flag, Blue"	user											SymbolAndName			2022-08-05T06:30:33Z
421	43.33730903	-116.220562	927.741333	2022-08-04T06:01:05Z			Junki6				"Flag, Blue"	user											SymbolAndName			2022-08-04T06:01:05Z
422	43.17471201	-116.190974	952.832031	2022-08-05T06:31:10Z			Junki61				"Flag, Blue"	user											SymbolAndName			2022-08-05T06:31:10Z
423	43.155483	-116.000957	957.282349	2022-08-05T06:00:24Z			Junki7				"Flag, Blue"	user											SymbolAndName			2022-08-05T06:00:24Z
424	43.33702597	-116.217644	940.141846	2022-08-08T06:25:13Z			Junki8				"Flag, Blue"	user											SymbolAndName			2022-08-08T06:25:13Z
425	43.166571	-116.164149	926.369751	2022-08-09T06:17:24Z			Junki9				"Flag, Blue"	user											SymbolAndName			2022-08-09T06:17:24Z
426	43.36394202	-116.23442	890.539856	2022-08-04T04:48:59Z			Junkib				"Flag, Blue"	user											SymbolAndName			2022-08-04T04:48:59Z
427	43.35730498	-116.23436	895.755737	2022-08-04T04:50:09Z			Junkib1				"Flag, Blue"	user											SymbolAndName			2022-08-04T04:50:09Z
428	43.27958403	-116.132241	1006.44574	2022-08-08T05:24:30Z			Junkib10				"Flag, Blue"	user											SymbolAndName			2022-08-08T05:24:30Z
429	43.27825399	-116.171356	1002.424194	2022-08-08T05:29:00Z			Junkib11				"Flag, Blue"	user											SymbolAndName			2022-08-08T05:29:00Z
430	43.27826698	-116.172179	1003.319946	2022-08-08T05:29:11Z			Junkib12				"Flag, Blue"	user											SymbolAndName			2022-08-08T05:29:11Z
431	43.27846798	-116.176016	1003.058716	2022-08-08T05:30:00Z			Junkib13				"Flag, Blue"	user											SymbolAndName			2022-08-08T05:30:00Z
432	43.29292702	-116.201011	996.172668	2022-08-08T05:33:13Z			Junkib14				"Flag, Blue"	user											SymbolAndName			2022-08-08T05:33:13Z
433	43.20938098	-116.001527	936.558838	2022-08-08T04:54:27Z			Junkib15				"Flag, Blue"	user											SymbolAndName			2022-08-08T04:54:27Z
434	43.26745399	-116.048205	964.78418	2022-08-08T05:11:14Z			Junkib16				"Flag, Blue"	user											SymbolAndName			2022-08-08T05:11:14Z
435	43.400784	-116.234375	895.597107	2022-08-09T04:34:23Z			Junkib17				"Flag, Blue"	user											SymbolAndName			2022-08-09T04:34:23Z
436	43.36141798	-116.23443	899.786621	2022-08-09T04:40:32Z			Junkib18				"Flag, Blue"	user											SymbolAndName			2022-08-09T04:40:32Z
437	43.387667	-116.232372	891.289062	2022-08-04T04:52:29Z			Junkib2				"Flag, Blue"	user											SymbolAndName			2022-08-04T04:52:29Z
438	43.26779597	-116.048656	960.995911	2022-08-08T05:11:23Z			Junkib21				"Flag, Blue"	user											SymbolAndName			2022-08-08T05:11:23Z
439	43.35711898	-116.234369	903.434875	2022-08-09T04:41:23Z			Junkib22				"Flag, Blue"	user											SymbolAndName			2022-08-09T04:41:23Z
440	43.387667	-116.232372	891.289062	2022-08-04T04:54:11Z			Junkib3				"Flag, Blue"	user											SymbolAndName			2022-08-04T04:54:11Z
441	43.26909198	-116.050266	965.642639	2022-08-08T05:11:52Z			Junkib31				"Flag, Blue"	user											SymbolAndName			2022-08-08T05:11:52Z
442	43.32957203	-116.222637	940.850952	2022-08-09T04:45:46Z			Junkib32				"Flag, Blue"	user											SymbolAndName			2022-08-09T04:45:46Z
443	43.21446402	-115.993257	941.625427	2022-08-05T05:00:50Z			Junkib4				"Flag, Blue"	user											SymbolAndName			2022-08-05T05:00:50Z
444	43.27902898	-116.084975	983.632202	2022-08-08T05:18:15Z			Junkib41				"Flag, Blue"	user											SymbolAndName			2022-08-08T05:18:15Z
445	43.32880802	-116.221674	945.02179	2022-08-09T04:45:57Z			Junkib42				"Flag, Blue"	user											SymbolAndName			2022-08-09T04:45:57Z
446	43.27941002	-116.085885	978.658936	2022-08-08T05:18:28Z			Junkib5				"Flag, Blue"	user											SymbolAndName			2022-08-08T05:18:28Z
447	43.27282998	-116.204354	984.350647	2022-08-09T04:59:22Z			Junkib51				"Flag, Blue"	user											SymbolAndName			2022-08-09T04:59:22Z
448	43.28099202	-116.088985	979.96521	2022-08-08T05:19:15Z			Junkib6				"Flag, Blue"	user											SymbolAndName			2022-08-08T05:19:15Z
449	43.257648	-116.205153	1000.595398	2022-08-09T05:01:35Z			Junkib61				"Flag, Blue"	user											SymbolAndName			2022-08-09T05:01:35Z
450	43.28132202	-116.089491	977.40863	2022-08-08T05:19:26Z			Junkib7				"Flag, Blue"	user											SymbolAndName			2022-08-08T05:19:26Z
451	43.22741699	-116.233182	971.39032	2022-08-09T05:14:41Z			Junkib71				"Flag, Blue"	user											SymbolAndName			2022-08-09T05:14:41Z
452	43.28063102	-116.123108	1000.240845	2022-08-08T05:23:27Z			Junkib8				"Flag, Blue"	user											SymbolAndName			2022-08-08T05:23:27Z
453	43.22133098	-116.248354	957.767517	2022-08-09T05:17:10Z			Junkib81				"Flag, Blue"	user											SymbolAndName			2022-08-09T05:17:10Z
454	43.27969702	-116.131235	1004.822205	2022-08-08T05:24:19Z			Junkib9				"Flag, Blue"	user											SymbolAndName			2022-08-08T05:24:19Z
455	43.31523696	-116.151603	961	2022-08-02T09:06:05Z			Junkie				"Flag, Blue"	user											SymbolAndName			2022-08-02T09:06:05Z
456	43.28110099	-116.184365	978.267029	2022-08-04T07:01:59Z			Junkie1				"Flag, Blue"	user											SymbolAndName			2022-08-04T07:01:59Z
457	43.273582	-116.072043	969.617493	2022-08-04T07:15:29Z			Junkie10				"Flag, Blue"	user											SymbolAndName			2022-08-04T07:15:29Z
458	43.371992	-116.234409	889.840088	2022-08-05T08:01:55Z			Junkie101				"Flag, Blue"	user											SymbolAndName			2022-08-05T08:01:55Z
459	43.27338201	-116.071115	967.303467	2022-08-04T07:15:41Z			Junkie11				"Flag, Blue"	user											SymbolAndName			2022-08-04T07:15:41Z
460	43.22190396	-116.247593	961.145203	2022-08-05T07:24:20Z			Junkie110				"Flag, Blue"	user											SymbolAndName			2022-08-05T07:24:20Z
461	43.38173797	-116.23446	887.423462	2022-08-05T08:03:13Z			Junkie111				"Flag, Blue"	user											SymbolAndName			2022-08-05T08:03:13Z
462	43.35438799	-116.23443	910.171631	2022-08-08T07:30:10Z			Junkie112				"Flag, Blue"	user											SymbolAndName			2022-08-08T07:30:10Z
463	43.27321798	-116.070053	967.732727	2022-08-04T07:15:52Z			Junkie12				"Flag, Blue"	user											SymbolAndName			2022-08-04T07:15:52Z
464	43.38459201	-116.234457	883.9151	2022-08-05T08:03:40Z			Junkie121				"Flag, Blue"	user											SymbolAndName			2022-08-05T08:03:40Z
465	43.27331697	-116.067264	963.020691	2022-08-04T07:16:31Z			Junkie13				"Flag, Blue"	user											SymbolAndName			2022-08-04T07:16:31Z
466	43.27436998	-116.064335	965.204102	2022-08-04T07:17:09Z			Junkie14				"Flag, Blue"	user											SymbolAndName			2022-08-04T07:17:09Z
467	43.27344404	-116.059728	959.297729	2022-08-04T07:17:46Z			Junkie15				"Flag, Blue"	user											SymbolAndName			2022-08-04T07:17:46Z
468	43.25801396	-116.042149	941.616089	2022-08-04T07:21:34Z			Junkie16				"Flag, Blue"	user											SymbolAndName			2022-08-04T07:21:34Z
469	43.25732798	-116.041045	942.045288	2022-08-04T07:21:46Z			Junkie17				"Flag, Blue"	user											SymbolAndName			2022-08-04T07:21:46Z
470	43.21478899	-115.979962	922.936035	2022-08-04T07:37:03Z			Junkie18				"Flag, Blue"	user											SymbolAndName			2022-08-04T07:37:03Z
471	43.21489803	-115.971145	923.33728	2022-08-04T07:38:24Z			Junkie19				"Flag, Blue"	user											SymbolAndName			2022-08-04T07:38:24Z
472	43.278313	-116.174977	994.819702	2022-08-04T07:03:03Z			Junkie2				"Flag, Blue"	user											SymbolAndName			2022-08-04T07:03:03Z
473	43.28185997	-116.185898	979.386719	2022-08-04T07:01:44Z			Junkie20				"Flag, Blue"	user											SymbolAndName			2022-08-04T07:01:44Z
474	43.22111296	-116.248579	962.264893	2022-08-05T07:23:57Z			Junkie21				"Flag, Blue"	user											SymbolAndName			2022-08-05T07:23:57Z
475	43.30744699	-116.213611	973.937622	2022-08-05T07:47:00Z			Junkie22				"Flag, Blue"	user											SymbolAndName			2022-08-05T07:47:00Z
476	43.35276903	-116.234434	913.670654	2022-08-08T07:29:46Z			Junkie23				"Flag, Blue"	user											SymbolAndName			2022-08-08T07:29:46Z
477	43.35654197	-116.234391	912.830933	2022-08-08T07:30:38Z			Junkie24				"Flag, Blue"	user											SymbolAndName			2022-08-08T07:30:38Z
478	43.35865798	-116.23437	919.632996	2022-08-12T07:32:34Z			Junkie25				"Flag, Blue"	user											SymbolAndName			2022-08-12T07:32:34Z
479	43.27860201	-116.158162	994.13855	2022-08-04T07:04:47Z			Junkie3				"Flag, Blue"	user											SymbolAndName			2022-08-04T07:04:47Z
480	43.32353496	-116.217094	940.253784	2022-08-05T07:52:06Z			Junkie31				"Flag, Blue"	user											SymbolAndName			2022-08-05T07:52:06Z
481	43.36880503	-116.234441	901.662048	2022-08-08T07:33:01Z			Junkie32				"Flag, Blue"	user											SymbolAndName			2022-08-08T07:33:01Z
482	43.27839003	-116.144576	996.070007	2022-08-04T07:06:20Z			Junkie4				"Flag, Blue"	user											SymbolAndName			2022-08-04T07:06:20Z
483	43.33067701	-116.223835	943.958069	2022-08-05T07:53:31Z			Junkie41				"Flag, Blue"	user											SymbolAndName			2022-08-05T07:53:31Z
484	43.37057898	-116.234436	896.716797	2022-08-08T07:33:28Z			Junkie42				"Flag, Blue"	user											SymbolAndName			2022-08-08T07:33:28Z
485	43.27927499	-116.134394	996.611206	2022-08-04T07:07:51Z			Junkie5				"Flag, Blue"	user											SymbolAndName			2022-08-04T07:07:51Z
486	43.33188904	-116.22488	940.515076	2022-08-05T07:53:42Z			Junkie51				"Flag, Blue"	user											SymbolAndName			2022-08-05T07:53:42Z
487	43.37156201	-116.234435	895.233215	2022-08-08T07:33:42Z			Junkie52				"Flag, Blue"	user											SymbolAndName			2022-08-08T07:33:42Z
488	43.28139503	-116.115974	990.984802	2022-08-04T07:09:48Z			Junkie6				"Flag, Blue"	user											SymbolAndName			2022-08-04T07:09:48Z
489	43.33247401	-116.225348	936.092346	2022-08-05T07:53:54Z			Junkie61				"Flag, Blue"	user											SymbolAndName			2022-08-05T07:53:54Z
490	43.381815	-116.234493	895.335876	2022-08-08T07:35:12Z			Junkie62				"Flag, Blue"	user											SymbolAndName			2022-08-08T07:35:12Z
491	43.28188696	-116.111178	986.104858	2022-08-04T07:10:13Z			Junkie7				"Flag, Blue"	user											SymbolAndName			2022-08-04T07:10:13Z
492	43.35187099	-116.234427	906.280762	2022-08-05T07:57:32Z			Junkie71				"Flag, Blue"	user											SymbolAndName			2022-08-05T07:57:32Z
493	43.38291203	-116.234488	892.825928	2022-08-08T07:35:24Z			Junkie72				"Flag, Blue"	user											SymbolAndName			2022-08-08T07:35:24Z
494	43.27625399	-116.080205	973.396423	2022-08-04T07:14:13Z			Junkie8				"Flag, Blue"	user											SymbolAndName			2022-08-04T07:14:13Z
495	43.35238497	-116.234419	905.263733	2022-08-05T07:57:43Z			Junkie81				"Flag, Blue"	user											SymbolAndName			2022-08-05T07:57:43Z
496	43.38482302	-116.234474	890.213318	2022-08-08T07:36:00Z			Junkie82				"Flag, Blue"	user											SymbolAndName			2022-08-08T07:36:00Z
497	43.27506702	-116.078521	974.096252	2022-08-04T07:14:29Z			Junkie9				"Flag, Blue"	user											SymbolAndName			2022-08-04T07:14:29Z
498	43.35925	-116.234395	899.245422	2022-08-05T07:59:38Z			Junkie91				"Flag, Blue"	user											SymbolAndName			2022-08-05T07:59:38Z
499	43.40307302	-116.23439	892.434021	2022-08-08T07:39:01Z			Junkie92				"Flag, Blue"	user											SymbolAndName			2022-08-08T07:39:01Z
500	43.33699998	-116.21723	928.095947	2022-08-02T04:03:04Z			Junkni				"Flag, Blue"	user											SymbolAndName			2022-08-02T04:03:04Z
																										
Address																										
wptID	StreetAddress1	StreetAddress2	City	State	Country	PostalCode																				
																										
PhoneNumber																										
wptID	Category	value																								
																										
Categories																										
wptID	Category																									
																										
trk																										
ID	name	cmt	desc	src	number	type	DisplayColor																			
																										
trkseg																										
ID	trkID																									
																										
trkpt																										
ID	trksegID	lat	lon	ele	time	magvar	geoidheight	name	cmt	desc	src	sym	type	fix	sat	hdop	vdop	pdop	ageofdgpsdata	dgpsid	Temperature	Depth	wtemp	hr	cad	
